<?xml version="1.0" encoding="UTF-8"?>
<jcr:root xmlns:sling="http://sling.apache.org/jcr/sling/1.0" xmlns:cq="http://www.day.com/jcr/cq/1.0" xmlns:jcr="http://www.jcp.org/jcr/1.0" xmlns:nt="http://www.jcp.org/jcr/nt/1.0" xmlns:rep="internal"
    jcr:mixinTypes="[rep:AccessControllable]"
    jcr:primaryType="cq:Page">
    <rep:policy/>
    <wcm jcr:primaryType="nt:unstructured">
        <foundation jcr:primaryType="nt:unstructured">
            <components jcr:primaryType="nt:unstructured">
                <responsivegrid jcr:primaryType="nt:unstructured">
                    <content-default
                        jcr:description="Policy for editable layout containers"
                        jcr:primaryType="nt:unstructured"
                        jcr:title="training Default"
                        sling:resourceType="wcm/core/components/policy/policy"
                        components="[group:training.Content,/apps/training/components/form/container,group:training.Structure]"
                        policyResourceType="wcm/foundation/components/responsivegrid">
                        <cq:authoring jcr:primaryType="nt:unstructured">
                            <assetToComponentMapping jcr:primaryType="nt:unstructured">
                                <image
                                    jcr:primaryType="nt:unstructured"
                                    assetGroup="media"
                                    assetMimetype="image/*"
                                    droptarget="image"
                                    resourceType="training/components/content/image"
                                    type="Images"/>
                            </assetToComponentMapping>
                        </cq:authoring>
                        <jcr:content
                            jcr:primaryType="nt:unstructured"
                            mergeList="{Boolean}true"/>
                    </content-default>
                    <policy_xfm
                        jcr:primaryType="nt:unstructured"
                        jcr:title="training Experience Fragment"
                        sling:resourceType="wcm/core/components/policy/policy"
                        components="[/libs/wcm/foundation/components/responsivegrid,group:training.Content,group:training.Form,group:training.Structure]">
                        <jcr:content jcr:primaryType="nt:unstructured"/>
                        <cq:authoring jcr:primaryType="nt:unstructured">
                            <assetToComponentMapping jcr:primaryType="nt:unstructured">
                                <mapping_1568417184586
                                    jcr:primaryType="nt:unstructured"
                                    assetGroup="media"
                                    assetMimetype="image/*"
                                    droptarget="image"
                                    resourceType="training/components/content/image"/>
                                <mapping_1570048100274
                                    jcr:primaryType="nt:unstructured"
                                    assetGroup="content"
                                    assetMimetype="text/html"
                                    droptarget="experiencefragment"
                                    resourceType="training/components/content/experiencefragment"/>
                                <mapping_1570048111074
                                    jcr:primaryType="nt:unstructured"
                                    assetGroup="media"
                                    assetMimetype="[text/html,application/vnd.adobe.contentfragment]"
                                    droptarget="contentfragment"
                                    resourceType="training/components/content/contentfragment"/>
                            </assetToComponentMapping>
                        </cq:authoring>
                    </policy_xfm>
                </responsivegrid>
            </components>
        </foundation>
    </wcm>
    <training jcr:primaryType="nt:unstructured">
        <components jcr:primaryType="nt:unstructured">
            <form jcr:primaryType="nt:unstructured">
                <container jcr:primaryType="nt:unstructured">
                    <form-container
                        jcr:primaryType="nt:unstructured"
                        jcr:title="training Form"
                        sling:resourceType="wcm/core/components/policy/policy"
                        components="[/apps/training/components/form/button,/apps/training/components/form/hidden,/apps/training/components/form/options,/apps/training/components/form/text]">
                        <jcr:content jcr:primaryType="nt:unstructured"/>
                    </form-container>
                </container>
            </form>
            <content jcr:primaryType="nt:unstructured">
                <button jcr:primaryType="nt:unstructured">
                    <policy_xfm
                        jcr:primaryType="nt:unstructured"
                        jcr:title="training Button - Experience Fragment"
                        sling:resourceType="wcm/core/components/policy/policy">
                        <jcr:content jcr:primaryType="nt:unstructured"/>
                    </policy_xfm>
                </button>
                <languagenavigation jcr:primaryType="nt:unstructured">
                    <policy_xfm
                        jcr:primaryType="nt:unstructured"
                        jcr:title="training Language Navigation - Experience Fragment"
                        sling:resourceType="wcm/core/components/policy/policy"
                        navigationRoot="/content/training"
                        structureDepth="1">
                        <jcr:content jcr:primaryType="nt:unstructured"/>
                    </policy_xfm>
                </languagenavigation>
                <image jcr:primaryType="nt:unstructured">
                    <policy_xfm
                        jcr:primaryType="nt:unstructured"
                        jcr:title="training Image - Experience Fragment"
                        sling:resourceType="wcm/core/components/policy/policy"
                        allowedRenditionWidths="[300,400,500,600,700,800,900,1000,1100,1200]"
                        allowUpload="true"
                        altValueFromDAM="true"
                        disableLazyLoading="false"
                        displayPopupTitle="true"
                        isDecorative="false"
                        jpegQuality="{Long}100"
                        titleValueFromDAM="true"
                        uuidDisabled="true">
                        <jcr:content jcr:primaryType="nt:unstructured"/>
                        <plugins jcr:primaryType="nt:unstructured">
                            <crop
                                jcr:primaryType="nt:unstructured"
                                features="*">
                                <aspectRatios jcr:primaryType="nt:unstructured">
                                    <item0
                                        jcr:primaryType="nt:unstructured"
                                        name="Wide Landscape"
                                        ratio="0.6180"/>
                                    <item1
                                        jcr:primaryType="nt:unstructured"
                                        name="Landscape"
                                        ratio="0.8284"/>
                                    <item2
                                        jcr:primaryType="nt:unstructured"
                                        name="Square"
                                        ratio="1"/>
                                    <item3
                                        jcr:primaryType="nt:unstructured"
                                        name="Portrait"
                                        ratio="1.6180"/>
                                </aspectRatios>
                            </crop>
                            <rotate
                                jcr:primaryType="nt:unstructured"
                                features="right"/>
                            <flip
                                jcr:primaryType="nt:unstructured"
                                features="-"/>
                        </plugins>
                    </policy_xfm>
                </image>
                <text jcr:primaryType="nt:unstructured">
                    <policy_xfm
                        jcr:primaryType="nt:unstructured"
                        jcr:title="training Text - Experience Fragments"
                        sling:resourceType="wcm/core/components/policy/policy">
                        <jcr:content jcr:primaryType="nt:unstructured"/>
                        <rtePlugins jcr:primaryType="nt:unstructured">
                            <paraformat
                                jcr:primaryType="nt:unstructured"
                                features="-">
                                <formats
                                    jcr:primaryType="nt:unstructured"
                                    override="true">
                                    <item0
                                        jcr:primaryType="nt:unstructured"
                                        description="Paragraph"
                                        tag="p"/>
                                    <item1
                                        jcr:primaryType="nt:unstructured"
                                        description="Heading 1"
                                        tag="h1"/>
                                    <item2
                                        jcr:primaryType="nt:unstructured"
                                        description="Heading 2"
                                        tag="h2"/>
                                    <item3
                                        jcr:primaryType="nt:unstructured"
                                        description="Heading 3"
                                        tag="h3"/>
                                    <item4
                                        jcr:primaryType="nt:unstructured"
                                        description="Heading 4"
                                        tag="h4"/>
                                    <item5
                                        jcr:primaryType="nt:unstructured"
                                        description="Heading 5"
                                        tag="h5"/>
                                    <item6
                                        jcr:primaryType="nt:unstructured"
                                        description="Heading 6"
                                        tag="h6"/>
                                    <item7
                                        jcr:primaryType="nt:unstructured"
                                        description="Quote"
                                        tag="blockquote"/>
                                    <item8
                                        jcr:primaryType="nt:unstructured"
                                        description="Horizontal Rule (visual line break)"
                                        tag="hr"/>
                                    <item9
                                        jcr:primaryType="nt:unstructured"
                                        description="Preformatted"
                                        tag="pre"/>
                                </formats>
                            </paraformat>
                            <misctools
                                jcr:primaryType="nt:unstructured"
                                features="-">
                                <specialCharsConfig jcr:primaryType="nt:unstructured">
                                    <chars
                                        jcr:primaryType="nt:unstructured"
                                        override="true">
                                        <item0
                                            jcr:primaryType="nt:unstructured"
                                            entity="&amp;copy;"
                                            name="copyright"/>
                                        <item1
                                            jcr:primaryType="nt:unstructured"
                                            entity="&amp;euro;"
                                            name="euro"/>
                                        <item2
                                            jcr:primaryType="nt:unstructured"
                                            entity="&amp;reg;"
                                            name="registered"/>
                                        <item3
                                            jcr:primaryType="nt:unstructured"
                                            entity="&amp;trade;"
                                            name="trademark"/>
                                    </chars>
                                </specialCharsConfig>
                            </misctools>
                            <edit
                                jcr:primaryType="nt:unstructured"
                                features="-"/>
                            <findreplace
                                jcr:primaryType="nt:unstructured"
                                features="-"/>
                            <undo
                                jcr:primaryType="nt:unstructured"
                                features="-"/>
                            <spellcheck
                                jcr:primaryType="nt:unstructured"
                                features="-"/>
                            <image
                                jcr:primaryType="nt:unstructured"
                                features="-"/>
                            <table
                                jcr:primaryType="nt:unstructured"
                                features="-"/>
                            <lists
                                jcr:primaryType="nt:unstructured"
                                features="*"/>
                            <justify
                                jcr:primaryType="nt:unstructured"
                                features="-"/>
                            <format
                                jcr:primaryType="nt:unstructured"
                                features="bold,italic"/>
                            <links
                                jcr:primaryType="nt:unstructured"
                                features="modifylink,unlink"/>
                            <subsuperscript
                                jcr:primaryType="nt:unstructured"
                                features="-"/>
                        </rtePlugins>
                    </policy_xfm>
                </text>
                <title jcr:primaryType="nt:unstructured">
                    <policy_xfm
                        jcr:primaryType="nt:unstructured"
                        jcr:title="training Title - Experience Fragments"
                        sling:resourceType="wcm/core/components/policy/policy"
                        allowedTypes="[h1,h2,h3,h4,h5,h6]"
                        linkDisabled="false"
                        type="h1">
                        <jcr:content jcr:primaryType="nt:unstructured"/>
                    </policy_xfm>
                </title>
                <experiencefragment jcr:primaryType="nt:unstructured">
                    <policy_header
                        jcr:primaryType="nt:unstructured"
                        jcr:title="training Experience Fragment - Header"
                        sling:resourceType="wcm/core/components/policy/policy">
                        <jcr:content jcr:primaryType="nt:unstructured"/>
                    </policy_header>
                    <policy_footer
                        jcr:primaryType="nt:unstructured"
                        jcr:title="training Experience Fragment - Footer"
                        sling:resourceType="wcm/core/components/policy/policy">
                        <jcr:content jcr:primaryType="nt:unstructured"/>
                </policy_footer>
                </experiencefragment>
            </content>
            <structure jcr:primaryType="nt:unstructured">
                <page jcr:primaryType="nt:unstructured">
                    <policy_xfm
                        jcr:primaryType="nt:unstructured"
                        jcr:title="training Experience Fragment"
                        sling:resourceType="wcm/core/components/policy/policy"
                        clientlibs="[training.dependencies,training.site]"
                        clientlibsJsHead="training.dependencies">
                        <jcr:content jcr:primaryType="nt:unstructured"/>
                    </policy_xfm>
                    <policy_content_page
                        jcr:primaryType="nt:unstructured"
                        jcr:title="training Page Policy"
                        sling:resourceType="wcm/core/components/policy/policy"
                        clientlibs="[training.dependencies,training.site]"
                        clientlibsJsHead="training.dependencies">
                        <jcr:content jcr:primaryType="nt:unstructured"/>
                    </policy_content_page>
                </page>
            </structure>
        </components>
    </training>
</jcr:root>
