<?xml version="1.0" encoding="UTF-8"?>
<jcr:root xmlns:sling="http://sling.apache.org/jcr/sling/1.0" xmlns:cq="http://www.day.com/jcr/cq/1.0" xmlns:jcr="http://www.jcp.org/jcr/1.0" xmlns:nt="http://www.jcp.org/jcr/nt/1.0"
    jcr:primaryType="cq:Page">
    <wcm/>
    <training/>
    <cq jcr:primaryType="nt:unstructured">
        <experience-fragments jcr:primaryType="nt:unstructured">
            <components jcr:primaryType="nt:unstructured">
                <xfpage jcr:primaryType="nt:unstructured">
                    <policy_1549668537886
                        jcr:lastModified="{Date}2019-02-08T18:31:42.547-05:00"
                        jcr:lastModifiedBy="admin"
                        jcr:primaryType="nt:unstructured"
                        jcr:title="We.Train Experience Fragment Policy"
                        sling:resourceType="wcm/core/components/policy/policy"
                        clientlibs="[wcm.foundation.components.page.responsive,core.wcm.components.breadcrumb.v2,core.wcm.components.carousel.v1,core.wcm.components.image.v2,core.wcm.components.tabs.v1,core.wcm.components.search.v1,core.wcm.components.form.text.v2,core.wcm.components.form.container.v1]">
                        <jcr:content jcr:primaryType="nt:unstructured"/>
                    </policy_1549668537886>
                </xfpage>
            </components>
        </experience-fragments>
    </cq>
</jcr:root>
