<?xml version="1.0" encoding="UTF-8"?>
<jcr:root xmlns:sling="http://sling.apache.org/jcr/sling/1.0" xmlns:cq="http://www.day.com/jcr/cq/1.0" xmlns:jcr="http://www.jcp.org/jcr/1.0" xmlns:nt="http://www.jcp.org/jcr/nt/1.0" xmlns:rep="internal"
    jcr:mixinTypes="[rep:AccessControllable]"
    jcr:primaryType="cq:Page">
    <training jcr:primaryType="nt:unstructured">
        <components jcr:primaryType="nt:unstructured">
            <structure jcr:primaryType="nt:unstructured">
                <page jcr:primaryType="nt:unstructured">
                    <policy_1568408997265/>
                    <policy_540426809397995
                        jcr:lastModified="{Date}2020-02-05T15:08:09.479-05:00"
                        jcr:lastModifiedBy="admin"
                        jcr:primaryType="nt:unstructured"
                        jcr:title="We.Train XF Policy"
                        sling:resourceType="wcm/core/components/policy/policy"
                        clientlibs="[wknd.site,we.train.base]">
                        <jcr:content jcr:primaryType="nt:unstructured"/>
                    </policy_540426809397995>
                </page>
                <search/>
                <footer/>
                <languagenavigation/>
            </structure>
            <content jcr:primaryType="nt:unstructured">
                <stockplex/>
                <teaser jcr:primaryType="nt:unstructured">
                    <policy_1568410765441
                        jcr:lastModified="{Date}2020-02-05T15:06:44.325-05:00"
                        jcr:lastModifiedBy="admin"
                        jcr:primaryType="nt:unstructured"
                        jcr:title="We.Train Teaser Policy"
                        sling:resourceType="wcm/core/components/policy/policy">
                        <jcr:content jcr:primaryType="nt:unstructured"/>
                        <cq:styleGroups jcr:primaryType="nt:unstructured">
                            <item0 jcr:primaryType="nt:unstructured">
                                <cq:styles jcr:primaryType="nt:unstructured">
                                    <item0
                                        cq:styleClasses="cmp-teaser--list"
                                        cq:styleId="1568410777269"
                                        cq:styleLabel="List"
                                        jcr:primaryType="nt:unstructured"/>
                                </cq:styles>
                            </item0>
                        </cq:styleGroups>
                    </policy_1568410765441>
                </teaser>
                <carousel jcr:primaryType="nt:unstructured">
                    <policy_1568410815776
                        jcr:lastModified="{Date}2020-02-05T15:06:38.399-05:00"
                        jcr:lastModifiedBy="admin"
                        jcr:primaryType="nt:unstructured"
                        jcr:title="We.Train Carousel Policy"
                        sling:resourceType="wcm/core/components/policy/policy"
                        autopauseDisabled="false"
                        autoplay="false"
                        delay="5000">
                        <jcr:content jcr:primaryType="nt:unstructured"/>
                        <cq:styleGroups jcr:primaryType="nt:unstructured">
                            <item0 jcr:primaryType="nt:unstructured">
                                <cq:styles jcr:primaryType="nt:unstructured">
                                    <item0
                                        cq:styleClasses="cmp-carousel--hero"
                                        cq:styleId="1568410836827"
                                        cq:styleLabel="Hero"
                                        jcr:primaryType="nt:unstructured"/>
                                </cq:styles>
                            </item0>
                        </cq:styleGroups>
                    </policy_1568410815776>
                </carousel>
                <image/>
            </content>
        </components>
    </training>
    <wcm/>
</jcr:root>
