<?xml version="1.0" encoding="UTF-8"?>
<jcr:root xmlns:sling="http://sling.apache.org/jcr/sling/1.0" xmlns:cq="http://www.day.com/jcr/cq/1.0" xmlns:jcr="http://www.jcp.org/jcr/1.0" xmlns:nt="http://www.jcp.org/jcr/nt/1.0"
    jcr:primaryType="cq:Page">
    <wcm/>
    <training/>
    <cq jcr:primaryType="nt:unstructured">
        <experience-fragments jcr:primaryType="nt:unstructured">
            <components jcr:primaryType="nt:unstructured">
                <xfpage jcr:primaryType="nt:unstructured">
                    <policy_1559067077556
                        jcr:lastModified="{Date}2019-05-28T14:12:38.672-04:00"
                        jcr:lastModifiedBy="admin"
                        jcr:primaryType="nt:unstructured"
                        jcr:title="We.Train XF Policy"
                        sling:resourceType="wcm/core/components/policy/policy"
                        clientlibs="[wcm.foundation.components.page.responsive,we.train.base]">
                        <jcr:content jcr:primaryType="nt:unstructured"/>
                    </policy_1559067077556>
                </xfpage>
            </components>
        </experience-fragments>
    </cq>
</jcr:root>
